title,company,location,description,url,role
"Software Engineer - Java, Spring Boot and Microservices",Apple,"Bengaluru, Karnataka, India","Software Engineer - Java, Spring Boot and Microservices role at Apple located in Bengaluru, Karnataka, India. This role requires relevant technical skills and industry knowledge.",https://in.linkedin.com/jobs/view/software-engineer-java-spring-boot-and-microservices-at-apple-4366023870?position=1&amp;pageNum=0&amp;refId=uIm%2BnR3qWpZmp4pXEPbTBQ%3D%3D&amp;trackingId=yRIrgzovAnBUoGxGGcRSkw%3D%3D,Java Developer
"Software Engineer - Java, Spring Boot and Microservices",Apple,"Hyderabad, Telangana, India","Software Engineer - Java, Spring Boot and Microservices role at Apple located in Hyderabad, Telangana, India. This role requires relevant technical skills and industry knowledge.",https://in.linkedin.com/jobs/view/software-engineer-java-spring-boot-and-microservices-at-apple-4366033902?position=2&amp;pageNum=0&amp;refId=uIm%2BnR3qWpZmp4pXEPbTBQ%3D%3D&amp;trackingId=HgQPnF6FSZPpuDCbbUynDg%3D%3D,Java Developer
Java,Infosys,"Bengaluru East, Karnataka, India","Java role at Infosys located in Bengaluru East, Karnataka, India. This role requires relevant technical skills and industry knowledge.",https://in.linkedin.com/jobs/view/java-at-infosys-4368586472?position=3&amp;pageNum=0&amp;refId=uIm%2BnR3qWpZmp4pXEPbTBQ%3D%3D&amp;trackingId=oIhzlBFGRV3xPeCDzpoXBA%3D%3D,Java Developer
Software Engineer - Java,PayPal,"Chennai, Tamil Nadu, India","Software Engineer - Java role at PayPal located in Chennai, Tamil Nadu, India. This role requires relevant technical skills and industry knowledge.",https://in.linkedin.com/jobs/view/software-engineer-java-at-paypal-4286780264?position=4&amp;pageNum=0&amp;refId=uIm%2BnR3qWpZmp4pXEPbTBQ%3D%3D&amp;trackingId=k4iyVjIBF2osS%2BJvN0p%2B6Q%3D%3D,Java Developer
Software Engineer - Java,PayPal,"Bengaluru East, Karnataka, India","Software Engineer - Java role at PayPal located in Bengaluru East, Karnataka, India. This role requires relevant technical skills and industry knowledge.",https://in.linkedin.com/jobs/view/software-engineer-java-at-paypal-4375917895?position=5&amp;pageNum=0&amp;refId=uIm%2BnR3qWpZmp4pXEPbTBQ%3D%3D&amp;trackingId=zk07onJuIv2V5deLagp5Mw%3D%3D,Java Developer
Junior Developers Backend and Frontend,Larsen &amp; Toubro,"Chennai, Tamil Nadu, India","Junior Developers Backend and Frontend role at Larsen &amp; Toubro located in Chennai, Tamil Nadu, India. This role requires relevant technical skills and industry knowledge.",https://in.linkedin.com/jobs/view/junior-developers-backend-and-frontend-at-larsen-toubro-4361333706?position=1&amp;pageNum=0&amp;refId=lQjwtMfaInJJtDPOAwtcdQ%3D%3D&amp;trackingId=Mb%2FOQScElpMaM0wdr88Oxw%3D%3D,Web Developer
Web Application Engineer,Google,"Bengaluru, Karnataka, India","Web Application Engineer role at Google located in Bengaluru, Karnataka, India. This role requires relevant technical skills and industry knowledge.",https://in.linkedin.com/jobs/view/web-application-engineer-at-google-4372548358?position=2&amp;pageNum=0&amp;refId=lQjwtMfaInJJtDPOAwtcdQ%3D%3D&amp;trackingId=qdmazN7J02U95kjNmgr5GQ%3D%3D,Web Developer
Web Application Engineer,Google,"Pune Division, Maharashtra, India","Web Application Engineer role at Google located in Pune Division, Maharashtra, India. This role requires relevant technical skills and industry knowledge.",https://in.linkedin.com/jobs/view/web-application-engineer-at-google-4372562123?position=3&amp;pageNum=0&amp;refId=lQjwtMfaInJJtDPOAwtcdQ%3D%3D&amp;trackingId=1t8g5ZkILHVIHNLQzDewog%3D%3D,Web Developer
Frontend Engineer (React+ Javascript),Apple,"Hyderabad, Telangana, India","Frontend Engineer (React+ Javascript) role at Apple located in Hyderabad, Telangana, India. This role requires relevant technical skills and industry knowledge.",https://in.linkedin.com/jobs/view/frontend-engineer-react%2B-javascript-at-apple-4366038072?position=4&amp;pageNum=0&amp;refId=lQjwtMfaInJJtDPOAwtcdQ%3D%3D&amp;trackingId=KZhYiXdRxu7IZ3ayPQWpqA%3D%3D,Web Developer
SDE II / III - Frontend Developer,ZEE - Technology &amp; Innovation,"Bengaluru, Karnataka, India","SDE II / III - Frontend Developer role at ZEE - Technology &amp; Innovation located in Bengaluru, Karnataka, India. This role requires relevant technical skills and industry knowledge.",https://in.linkedin.com/jobs/view/sde-ii-iii-frontend-developer-at-zee-technology-innovation-4308021555?position=5&amp;pageNum=0&amp;refId=lQjwtMfaInJJtDPOAwtcdQ%3D%3D&amp;trackingId=iA2qWJarj5y1RR5onjNoQg%3D%3D,Web Developer
Python developer,Infosys,"Bengaluru East, Karnataka, India","Python developer role at Infosys located in Bengaluru East, Karnataka, India. This role requires relevant technical skills and industry knowledge.",https://in.linkedin.com/jobs/view/python-developer-at-infosys-4366041238?position=1&amp;pageNum=0&amp;refId=uPitOkd4o8uaNuuhTha2AA%3D%3D&amp;trackingId=zzlQS2YEjLHbtWm3MCRNLA%3D%3D,Python Developer
Python Developer,Infosys,"Bengaluru East, Karnataka, India","Python Developer role at Infosys located in Bengaluru East, Karnataka, India. This role requires relevant technical skills and industry knowledge.",https://in.linkedin.com/jobs/view/python-developer-at-infosys-4363389682?position=2&amp;pageNum=0&amp;refId=uPitOkd4o8uaNuuhTha2AA%3D%3D&amp;trackingId=oWoZY9I%2Fcu1603jzQt3sag%3D%3D,Python Developer
Python developer,Infosys,"Hyderabad, Telangana, India","Python developer role at Infosys located in Hyderabad, Telangana, India. This role requires relevant technical skills and industry knowledge.",https://in.linkedin.com/jobs/view/python-developer-at-infosys-4367293056?position=3&amp;pageNum=0&amp;refId=uPitOkd4o8uaNuuhTha2AA%3D%3D&amp;trackingId=wMjd3t7LJVF%2FhJt1P89e9g%3D%3D,Python Developer
Python Developer,Persistent Systems,"Bengaluru, Karnataka, India","Python Developer role at Persistent Systems located in Bengaluru, Karnataka, India. This role requires relevant technical skills and industry knowledge.",https://in.linkedin.com/jobs/view/python-developer-at-persistent-systems-4294598179?position=4&amp;pageNum=0&amp;refId=uPitOkd4o8uaNuuhTha2AA%3D%3D&amp;trackingId=eMD90sk7cEaa50f2xVBgbw%3D%3D,Python Developer
Python Developer,Infosys,"Bengaluru, Karnataka, India","Python Developer role at Infosys located in Bengaluru, Karnataka, India. This role requires relevant technical skills and industry knowledge.",https://in.linkedin.com/jobs/view/python-developer-at-infosys-4323369504?position=5&amp;pageNum=0&amp;refId=uPitOkd4o8uaNuuhTha2AA%3D%3D&amp;trackingId=e2nNt0nk5L0Vv3hcZVclVA%3D%3D,Python Developer
Python ML Engineer,Infosys,"Bengaluru East, Karnataka, India","Python ML Engineer role at Infosys located in Bengaluru East, Karnataka, India. This role requires relevant technical skills and industry knowledge.",https://in.linkedin.com/jobs/view/python-ml-engineer-at-infosys-4368008054?position=1&amp;pageNum=0&amp;refId=CCqP3WyNXxjlbwE0%2BjS%2F7A%3D%3D&amp;trackingId=bYRYPj5NjiqYBz3RjQ2bzg%3D%3D,AI Engineer
Machine Learning Software Engineer,Apple,"Bengaluru, Karnataka, India","Machine Learning Software Engineer role at Apple located in Bengaluru, Karnataka, India. This role requires relevant technical skills and industry knowledge.",https://in.linkedin.com/jobs/view/machine-learning-software-engineer-at-apple-4359245299?position=2&amp;pageNum=0&amp;refId=CCqP3WyNXxjlbwE0%2BjS%2F7A%3D%3D&amp;trackingId=j8mOjWuCX%2BCp7H9MrE%2FUkg%3D%3D,AI Engineer
Machine Learning Engineer,Meril,"Chennai, Tamil Nadu, India","Machine Learning Engineer role at Meril located in Chennai, Tamil Nadu, India. This role requires relevant technical skills and industry knowledge.",https://in.linkedin.com/jobs/view/machine-learning-engineer-at-meril-4379154797?position=3&amp;pageNum=0&amp;refId=CCqP3WyNXxjlbwE0%2BjS%2F7A%3D%3D&amp;trackingId=yloh4CrFJV7xtGqlRGhd0w%3D%3D,AI Engineer
Machine Learning Engineer,Meril,"Bengaluru, Karnataka, India","Machine Learning Engineer role at Meril located in Bengaluru, Karnataka, India. This role requires relevant technical skills and industry knowledge.",https://in.linkedin.com/jobs/view/machine-learning-engineer-at-meril-4377683985?position=4&amp;pageNum=0&amp;refId=CCqP3WyNXxjlbwE0%2BjS%2F7A%3D%3D&amp;trackingId=Q2GbULCEBkmEoDL1GGa6nw%3D%3D,AI Engineer
Freelance Machine Learning Developer (Python),Mindrift,Greater Kolkata Area,Freelance Machine Learning Developer (Python) role at Mindrift located in Greater Kolkata Area. This role requires relevant technical skills and industry knowledge.,https://in.linkedin.com/jobs/view/freelance-machine-learning-developer-python-at-mindrift-4380360767?position=5&amp;pageNum=0&amp;refId=CCqP3WyNXxjlbwE0%2BjS%2F7A%3D%3D&amp;trackingId=BgL8tswgIwjga57T5D5NLA%3D%3D,AI Engineer
Python developer,Infosys,"Bengaluru East, Karnataka, India","Python developer role at Infosys located in Bengaluru East, Karnataka, India. This role requires relevant technical skills and industry knowledge.",https://in.linkedin.com/jobs/view/python-developer-at-infosys-4366041238?position=1&amp;pageNum=0&amp;refId=TaGRJfRHOfQhcB03qxbwQA%3D%3D&amp;trackingId=9284GClrTV9HU%2BIKkD1%2BYQ%3D%3D,Python Developer
Python Developer,Infosys,"Bengaluru East, Karnataka, India","Python Developer role at Infosys located in Bengaluru East, Karnataka, India. This role requires relevant technical skills and industry knowledge.",https://in.linkedin.com/jobs/view/python-developer-at-infosys-4363389682?position=2&amp;pageNum=0&amp;refId=TaGRJfRHOfQhcB03qxbwQA%3D%3D&amp;trackingId=zJi8%2BRzpx5pRkzS%2FCQjVuA%3D%3D,Python Developer
Python developer,Infosys,"Hyderabad, Telangana, India","Python developer role at Infosys located in Hyderabad, Telangana, India. This role requires relevant technical skills and industry knowledge.",https://in.linkedin.com/jobs/view/python-developer-at-infosys-4367293056?position=3&amp;pageNum=0&amp;refId=TaGRJfRHOfQhcB03qxbwQA%3D%3D&amp;trackingId=gmgwKGrMLiJlWX3GEn3jgA%3D%3D,Python Developer
Python Developer,Persistent Systems,"Bengaluru, Karnataka, India","Python Developer role at Persistent Systems located in Bengaluru, Karnataka, India. This role requires relevant technical skills and industry knowledge.",https://in.linkedin.com/jobs/view/python-developer-at-persistent-systems-4294598179?position=4&amp;pageNum=0&amp;refId=TaGRJfRHOfQhcB03qxbwQA%3D%3D&amp;trackingId=QRBcTFc4HYXbSwGccbc1xA%3D%3D,Python Developer
Python Developer,Infosys,"Bengaluru, Karnataka, India","Python Developer role at Infosys located in Bengaluru, Karnataka, India. This role requires relevant technical skills and industry knowledge.",https://in.linkedin.com/jobs/view/python-developer-at-infosys-4323369504?position=5&amp;pageNum=0&amp;refId=TaGRJfRHOfQhcB03qxbwQA%3D%3D&amp;trackingId=I%2FSUmRFFzIPajV9jwH1YqQ%3D%3D,Python Developer
Junior Developers Backend and Frontend,Larsen &amp; Toubro,"Chennai, Tamil Nadu, India","Junior Developers Backend and Frontend role at Larsen &amp; Toubro located in Chennai, Tamil Nadu, India. This role requires relevant technical skills and industry knowledge.",https://in.linkedin.com/jobs/view/junior-developers-backend-and-frontend-at-larsen-toubro-4361333706?position=1&amp;pageNum=0&amp;refId=P7VQfkVReJJu0kkGcGy59Q%3D%3D&amp;trackingId=7dmm7epcCLs0NuNaCGrcUQ%3D%3D,Frontend Developer
React Js Developer,Infosys,"Bengaluru East, Karnataka, India","React Js Developer role at Infosys located in Bengaluru East, Karnataka, India. This role requires relevant technical skills and industry knowledge.",https://in.linkedin.com/jobs/view/react-js-developer-at-infosys-4379189781?position=2&amp;pageNum=0&amp;refId=P7VQfkVReJJu0kkGcGy59Q%3D%3D&amp;trackingId=KiKog47kpYEfHrt%2FCxt4IA%3D%3D,Frontend Developer
React Developer,Persistent Systems,"Bengaluru, Karnataka, India","React Developer role at Persistent Systems located in Bengaluru, Karnataka, India. This role requires relevant technical skills and industry knowledge.",https://in.linkedin.com/jobs/view/react-developer-at-persistent-systems-4309459084?position=3&amp;pageNum=0&amp;refId=P7VQfkVReJJu0kkGcGy59Q%3D%3D&amp;trackingId=LNGIQChqkzjhEL2TNBeuqg%3D%3D,Frontend Developer
React Developer,Persistent Systems,"Hyderabad, Telangana, India","React Developer role at Persistent Systems located in Hyderabad, Telangana, India. This role requires relevant technical skills and industry knowledge.",https://in.linkedin.com/jobs/view/react-developer-at-persistent-systems-4205905672?position=4&amp;pageNum=0&amp;refId=P7VQfkVReJJu0kkGcGy59Q%3D%3D&amp;trackingId=scPXW950HbAFw2HikItcng%3D%3D,Frontend Developer
Software Engineer - Frontend,PayPal,"Bengaluru East, Karnataka, India","Software Engineer - Frontend role at PayPal located in Bengaluru East, Karnataka, India. This role requires relevant technical skills and industry knowledge.",https://in.linkedin.com/jobs/view/software-engineer-frontend-at-paypal-4364444879?position=5&amp;pageNum=0&amp;refId=P7VQfkVReJJu0kkGcGy59Q%3D%3D&amp;trackingId=rVaZqp8JtK8IM3vVuQ5LUg%3D%3D,Frontend Developer
Python developer,Infosys,"Bengaluru East, Karnataka, India","Python developer role at Infosys located in Bengaluru East, Karnataka, India. This role requires relevant technical skills and industry knowledge.",https://in.linkedin.com/jobs/view/python-developer-at-infosys-4366041238?position=1&amp;pageNum=0&amp;refId=FY1tQTT34shHWGNprSLKkg%3D%3D&amp;trackingId=ExDGHWoM%2FiXRlhOZrd%2FiKw%3D%3D,Python Developer
Python Developer,Infosys,"Bengaluru East, Karnataka, India","Python Developer role at Infosys located in Bengaluru East, Karnataka, India. This role requires relevant technical skills and industry knowledge.",https://in.linkedin.com/jobs/view/python-developer-at-infosys-4363389682?position=2&amp;pageNum=0&amp;refId=FY1tQTT34shHWGNprSLKkg%3D%3D&amp;trackingId=Cxb0aDiobdbJUXILHRzrvA%3D%3D,Python Developer
Python developer,Infosys,"Hyderabad, Telangana, India","Python developer role at Infosys located in Hyderabad, Telangana, India. This role requires relevant technical skills and industry knowledge.",https://in.linkedin.com/jobs/view/python-developer-at-infosys-4367293056?position=3&amp;pageNum=0&amp;refId=FY1tQTT34shHWGNprSLKkg%3D%3D&amp;trackingId=qM4mQ1MAZmtUHh8D6Gb6wQ%3D%3D,Python Developer
Python Developer,Persistent Systems,"Bengaluru, Karnataka, India","Python Developer role at Persistent Systems located in Bengaluru, Karnataka, India. This role requires relevant technical skills and industry knowledge.",https://in.linkedin.com/jobs/view/python-developer-at-persistent-systems-4294598179?position=4&amp;pageNum=0&amp;refId=FY1tQTT34shHWGNprSLKkg%3D%3D&amp;trackingId=UKuP0ASjr8vTJNmG%2BIM6Ew%3D%3D,Python Developer
Python Developer,Infosys,"Bengaluru, Karnataka, India","Python Developer role at Infosys located in Bengaluru, Karnataka, India. This role requires relevant technical skills and industry knowledge.",https://in.linkedin.com/jobs/view/python-developer-at-infosys-4323369504?position=5&amp;pageNum=0&amp;refId=FY1tQTT34shHWGNprSLKkg%3D%3D&amp;trackingId=x6BWwkwdJcaeq%2FPEZl4Ciw%3D%3D,Python Developer
Junior Developers Backend and Frontend,Larsen &amp; Toubro,"Chennai, Tamil Nadu, India","Junior Developers Backend and Frontend role at Larsen &amp; Toubro located in Chennai, Tamil Nadu, India. This role requires relevant technical skills and industry knowledge.",https://in.linkedin.com/jobs/view/junior-developers-backend-and-frontend-at-larsen-toubro-4361333706?position=1&amp;pageNum=0&amp;refId=ZLMB67H0k%2F4UuqgVPWvKgQ%3D%3D&amp;trackingId=z2ExQvSMJkyFJDekY2uwfQ%3D%3D,Web Developer
Web Application Engineer,Google,"Bengaluru, Karnataka, India","Web Application Engineer role at Google located in Bengaluru, Karnataka, India. This role requires relevant technical skills and industry knowledge.",https://in.linkedin.com/jobs/view/web-application-engineer-at-google-4372548358?position=2&amp;pageNum=0&amp;refId=ZLMB67H0k%2F4UuqgVPWvKgQ%3D%3D&amp;trackingId=Av%2BakfJWdCrdlSwZ79AM1A%3D%3D,Web Developer
Web Application Engineer,Google,"Pune Division, Maharashtra, India","Web Application Engineer role at Google located in Pune Division, Maharashtra, India. This role requires relevant technical skills and industry knowledge.",https://in.linkedin.com/jobs/view/web-application-engineer-at-google-4372562123?position=3&amp;pageNum=0&amp;refId=ZLMB67H0k%2F4UuqgVPWvKgQ%3D%3D&amp;trackingId=SG26Z9uYIL%2B4Jh9GhJaU7Q%3D%3D,Web Developer
Frontend Engineer (React+ Javascript),Apple,"Hyderabad, Telangana, India","Frontend Engineer (React+ Javascript) role at Apple located in Hyderabad, Telangana, India. This role requires relevant technical skills and industry knowledge.",https://in.linkedin.com/jobs/view/frontend-engineer-react%2B-javascript-at-apple-4366038072?position=4&amp;pageNum=0&amp;refId=ZLMB67H0k%2F4UuqgVPWvKgQ%3D%3D&amp;trackingId=qXX6GHRtyjf7t5fmwUXatg%3D%3D,Web Developer
SDE II / III - Frontend Developer,ZEE - Technology &amp; Innovation,"Bengaluru, Karnataka, India","SDE II / III - Frontend Developer role at ZEE - Technology &amp; Innovation located in Bengaluru, Karnataka, India. This role requires relevant technical skills and industry knowledge.",https://in.linkedin.com/jobs/view/sde-ii-iii-frontend-developer-at-zee-technology-innovation-4308021555?position=5&amp;pageNum=0&amp;refId=ZLMB67H0k%2F4UuqgVPWvKgQ%3D%3D&amp;trackingId=IssiVmfpp1Z6rWq4paHvwQ%3D%3D,Web Developer
"Software Engineer - Java, Spring Boot and Microservices",Apple,"Bengaluru, Karnataka, India","Software Engineer - Java, Spring Boot and Microservices role at Apple located in Bengaluru, Karnataka, India. This role requires relevant technical skills and industry knowledge.",https://in.linkedin.com/jobs/view/software-engineer-java-spring-boot-and-microservices-at-apple-4366023870?position=1&amp;pageNum=0&amp;refId=G8lLgyTUgkpzMazjg91%2Biw%3D%3D&amp;trackingId=uYfu49tV2ZFFUjSVGQIGpQ%3D%3D,Java Developer
"Software Engineer - Java, Spring Boot and Microservices",Apple,"Hyderabad, Telangana, India","Software Engineer - Java, Spring Boot and Microservices role at Apple located in Hyderabad, Telangana, India. This role requires relevant technical skills and industry knowledge.",https://in.linkedin.com/jobs/view/software-engineer-java-spring-boot-and-microservices-at-apple-4366033902?position=2&amp;pageNum=0&amp;refId=G8lLgyTUgkpzMazjg91%2Biw%3D%3D&amp;trackingId=gNdTvdNjQzGz9UscXI8j%2BQ%3D%3D,Java Developer
Java,Infosys,"Bengaluru East, Karnataka, India","Java role at Infosys located in Bengaluru East, Karnataka, India. This role requires relevant technical skills and industry knowledge.",https://in.linkedin.com/jobs/view/java-at-infosys-4368586472?position=3&amp;pageNum=0&amp;refId=G8lLgyTUgkpzMazjg91%2Biw%3D%3D&amp;trackingId=zxb2WdcYGbYEVS0DQUzRhg%3D%3D,Java Developer
Software Engineer - Java,PayPal,"Chennai, Tamil Nadu, India","Software Engineer - Java role at PayPal located in Chennai, Tamil Nadu, India. This role requires relevant technical skills and industry knowledge.",https://in.linkedin.com/jobs/view/software-engineer-java-at-paypal-4286780264?position=4&amp;pageNum=0&amp;refId=G8lLgyTUgkpzMazjg91%2Biw%3D%3D&amp;trackingId=pFGTcmmXBnPyNZ3TjEwndw%3D%3D,Java Developer
Software Engineer - Java,PayPal,"Bengaluru East, Karnataka, India","Software Engineer - Java role at PayPal located in Bengaluru East, Karnataka, India. This role requires relevant technical skills and industry knowledge.",https://in.linkedin.com/jobs/view/software-engineer-java-at-paypal-4375917895?position=5&amp;pageNum=0&amp;refId=G8lLgyTUgkpzMazjg91%2Biw%3D%3D&amp;trackingId=6gkzUVBux41%2BIdp2BiHD9A%3D%3D,Java Developer
Python developer,Infosys,"Bengaluru East, Karnataka, India","Python developer role at Infosys located in Bengaluru East, Karnataka, India. This role requires relevant technical skills and industry knowledge.",https://in.linkedin.com/jobs/view/python-developer-at-infosys-4366041238?position=1&amp;pageNum=0&amp;refId=lx2JkFRzFH2hWpWs7KTP2w%3D%3D&amp;trackingId=S7ofKPmHMx23pIi2NLaeTQ%3D%3D,Python Developer
Python Developer,Infosys,"Bengaluru East, Karnataka, India","Python Developer role at Infosys located in Bengaluru East, Karnataka, India. This role requires relevant technical skills and industry knowledge.",https://in.linkedin.com/jobs/view/python-developer-at-infosys-4363389682?position=2&amp;pageNum=0&amp;refId=lx2JkFRzFH2hWpWs7KTP2w%3D%3D&amp;trackingId=VR1WxOE5pMzyrUqgx1LADg%3D%3D,Python Developer
Python developer,Infosys,"Hyderabad, Telangana, India","Python developer role at Infosys located in Hyderabad, Telangana, India. This role requires relevant technical skills and industry knowledge.",https://in.linkedin.com/jobs/view/python-developer-at-infosys-4367293056?position=3&amp;pageNum=0&amp;refId=lx2JkFRzFH2hWpWs7KTP2w%3D%3D&amp;trackingId=GuMiAMhF3FZsrdApdWPnLA%3D%3D,Python Developer
Python Developer,Persistent Systems,"Bengaluru, Karnataka, India","Python Developer role at Persistent Systems located in Bengaluru, Karnataka, India. This role requires relevant technical skills and industry knowledge.",https://in.linkedin.com/jobs/view/python-developer-at-persistent-systems-4294598179?position=4&amp;pageNum=0&amp;refId=lx2JkFRzFH2hWpWs7KTP2w%3D%3D&amp;trackingId=xAYXpSoYYwfS8%2B%2B738gnDA%3D%3D,Python Developer
Python Developer,Infosys,"Bengaluru, Karnataka, India","Python Developer role at Infosys located in Bengaluru, Karnataka, India. This role requires relevant technical skills and industry knowledge.",https://in.linkedin.com/jobs/view/python-developer-at-infosys-4323369504?position=5&amp;pageNum=0&amp;refId=lx2JkFRzFH2hWpWs7KTP2w%3D%3D&amp;trackingId=X1VGpA%2FmIYGqq0jd6xgfVQ%3D%3D,Python Developer
Junior Developers Backend and Frontend,Larsen &amp; Toubro,"Chennai, Tamil Nadu, India","Junior Developers Backend and Frontend role at Larsen &amp; Toubro located in Chennai, Tamil Nadu, India. This role requires relevant technical skills and industry knowledge.",https://in.linkedin.com/jobs/view/junior-developers-backend-and-frontend-at-larsen-toubro-4361333706?position=1&amp;pageNum=0&amp;refId=UE1IJFwbT9vB8dHuX8Kx7A%3D%3D&amp;trackingId=tsuYOj1WiXXIeK1rMGj4lA%3D%3D,Web Developer
Web Application Engineer,Google,"Bengaluru, Karnataka, India","Web Application Engineer role at Google located in Bengaluru, Karnataka, India. This role requires relevant technical skills and industry knowledge.",https://in.linkedin.com/jobs/view/web-application-engineer-at-google-4372548358?position=2&amp;pageNum=0&amp;refId=UE1IJFwbT9vB8dHuX8Kx7A%3D%3D&amp;trackingId=DA81w5LPTEslTwTYl5%2FGvA%3D%3D,Web Developer
Web Application Engineer,Google,"Pune Division, Maharashtra, India","Web Application Engineer role at Google located in Pune Division, Maharashtra, India. This role requires relevant technical skills and industry knowledge.",https://in.linkedin.com/jobs/view/web-application-engineer-at-google-4372562123?position=3&amp;pageNum=0&amp;refId=UE1IJFwbT9vB8dHuX8Kx7A%3D%3D&amp;trackingId=oh32%2FB8qNTDwBGQ3PevfxA%3D%3D,Web Developer
Frontend Engineer (React+ Javascript),Apple,"Hyderabad, Telangana, India","Frontend Engineer (React+ Javascript) role at Apple located in Hyderabad, Telangana, India. This role requires relevant technical skills and industry knowledge.",https://in.linkedin.com/jobs/view/frontend-engineer-react%2B-javascript-at-apple-4366038072?position=4&amp;pageNum=0&amp;refId=UE1IJFwbT9vB8dHuX8Kx7A%3D%3D&amp;trackingId=AUBxf4mLszauWYOANoupWw%3D%3D,Web Developer
SDE II / III - Frontend Developer,ZEE - Technology &amp; Innovation,"Bengaluru, Karnataka, India","SDE II / III - Frontend Developer role at ZEE - Technology &amp; Innovation located in Bengaluru, Karnataka, India. This role requires relevant technical skills and industry knowledge.",https://in.linkedin.com/jobs/view/sde-ii-iii-frontend-developer-at-zee-technology-innovation-4308021555?position=5&amp;pageNum=0&amp;refId=UE1IJFwbT9vB8dHuX8Kx7A%3D%3D&amp;trackingId=juwfmsZ2YncBhV3I1r%2FdmQ%3D%3D,Web Developer
Database/MS-SQL Developer (MS SQL) (Off Roll Hiring)-Mumbai,Crisil,"Mumbai, Maharashtra, India","Database/MS-SQL Developer (MS SQL) (Off Roll Hiring)-Mumbai role at Crisil located in Mumbai, Maharashtra, India. This role requires relevant technical skills and industry knowledge.",https://in.linkedin.com/jobs/view/database-ms-sql-developer-ms-sql-off-roll-hiring-mumbai-at-crisil-4314288178?position=1&amp;pageNum=0&amp;refId=2AV295j22c0ewScNFXv%2FzQ%3D%3D&amp;trackingId=fBUsld63nstQzCLw2YgYiA%3D%3D,Database Developer
SQL Developer,DHL Freight,Mumbai Metropolitan Region,SQL Developer role at DHL Freight located in Mumbai Metropolitan Region. This role requires relevant technical skills and industry knowledge.,https://in.linkedin.com/jobs/view/sql-developer-at-dhl-freight-4375715292?position=2&amp;pageNum=0&amp;refId=2AV295j22c0ewScNFXv%2FzQ%3D%3D&amp;trackingId=%2BbpR90R8TqufwtIxp8ZRlQ%3D%3D,Database Developer
SQL Developer - Database Operations,Rockstar Games,"Bengaluru, Karnataka, India","SQL Developer - Database Operations role at Rockstar Games located in Bengaluru, Karnataka, India. This role requires relevant technical skills and industry knowledge.",https://in.linkedin.com/jobs/view/sql-developer-database-operations-at-rockstar-games-4327775267?position=3&amp;pageNum=0&amp;refId=2AV295j22c0ewScNFXv%2FzQ%3D%3D&amp;trackingId=xuOme7IdebAQrwC3TgWEww%3D%3D,Database Developer
Intern - SQL  Developer,Crisil,"Mumbai, Maharashtra, India","Intern - SQL  Developer role at Crisil located in Mumbai, Maharashtra, India. This role requires relevant technical skills and industry knowledge.",https://in.linkedin.com/jobs/view/intern-sql-developer-at-crisil-4368004312?position=4&amp;pageNum=0&amp;refId=2AV295j22c0ewScNFXv%2FzQ%3D%3D&amp;trackingId=gkMLO%2FeRX8%2BwMwBYa0sgow%3D%3D,Database Developer
Junior Database Developer,Novatech Software Pvt Ltd,"Nagpur, Maharashtra, India","Junior Database Developer role at Novatech Software Pvt Ltd located in Nagpur, Maharashtra, India. This role requires relevant technical skills and industry knowledge.",https://in.linkedin.com/jobs/view/junior-database-developer-at-novatech-software-pvt-ltd-4304157069?position=5&amp;pageNum=0&amp;refId=2AV295j22c0ewScNFXv%2FzQ%3D%3D&amp;trackingId=ALhufeEPRFZjLIUuBoVo7A%3D%3D,Database Developer
Python ML Engineer,Infosys,"Bengaluru East, Karnataka, India","Python ML Engineer role at Infosys located in Bengaluru East, Karnataka, India. This role requires relevant technical skills and industry knowledge.",https://in.linkedin.com/jobs/view/python-ml-engineer-at-infosys-4368008054?position=1&amp;pageNum=0&amp;refId=ZEUFMzMcgzxqAv4o7ZjzZA%3D%3D&amp;trackingId=ylgOL8S%2FqKuiMTvVOS6jkg%3D%3D,AI Engineer
Machine Learning Software Engineer,Apple,"Bengaluru, Karnataka, India","Machine Learning Software Engineer role at Apple located in Bengaluru, Karnataka, India. This role requires relevant technical skills and industry knowledge.",https://in.linkedin.com/jobs/view/machine-learning-software-engineer-at-apple-4359245299?position=2&amp;pageNum=0&amp;refId=ZEUFMzMcgzxqAv4o7ZjzZA%3D%3D&amp;trackingId=MlrCw7ejUyGHz5IWMlSJzw%3D%3D,AI Engineer
Machine Learning Engineer,Meril,"Chennai, Tamil Nadu, India","Machine Learning Engineer role at Meril located in Chennai, Tamil Nadu, India. This role requires relevant technical skills and industry knowledge.",https://in.linkedin.com/jobs/view/machine-learning-engineer-at-meril-4379154797?position=3&amp;pageNum=0&amp;refId=ZEUFMzMcgzxqAv4o7ZjzZA%3D%3D&amp;trackingId=bg2fQ4QCw5AZGhoMn7Q%2FJg%3D%3D,AI Engineer
Machine Learning Engineer,Meril,"Bengaluru, Karnataka, India","Machine Learning Engineer role at Meril located in Bengaluru, Karnataka, India. This role requires relevant technical skills and industry knowledge.",https://in.linkedin.com/jobs/view/machine-learning-engineer-at-meril-4377683985?position=4&amp;pageNum=0&amp;refId=ZEUFMzMcgzxqAv4o7ZjzZA%3D%3D&amp;trackingId=Hysfbw444VLjtkLM3j%2Fu2w%3D%3D,AI Engineer
Machine Learning Engineer,Apple,"Hyderabad, Telangana, India","Machine Learning Engineer role at Apple located in Hyderabad, Telangana, India. This role requires relevant technical skills and industry knowledge.",https://in.linkedin.com/jobs/view/machine-learning-engineer-at-apple-4359245286?position=5&amp;pageNum=0&amp;refId=ZEUFMzMcgzxqAv4o7ZjzZA%3D%3D&amp;trackingId=Z%2FZrkEVJVhQhSHM3vhaC4A%3D%3D,AI Engineer
Junior Developers Backend and Frontend,Larsen &amp; Toubro,"Chennai, Tamil Nadu, India","Junior Developers Backend and Frontend role at Larsen &amp; Toubro located in Chennai, Tamil Nadu, India. This role requires relevant technical skills and industry knowledge.",https://in.linkedin.com/jobs/view/junior-developers-backend-and-frontend-at-larsen-toubro-4361333706?position=1&amp;pageNum=0&amp;refId=KLlX4PmDQcz6fSl%2Fpl5XMg%3D%3D&amp;trackingId=dTruOpYeikcFmuPthRfLgw%3D%3D,Web Developer
Web Application Engineer,Google,"Bengaluru, Karnataka, India","Web Application Engineer role at Google located in Bengaluru, Karnataka, India. This role requires relevant technical skills and industry knowledge.",https://in.linkedin.com/jobs/view/web-application-engineer-at-google-4372548358?position=2&amp;pageNum=0&amp;refId=KLlX4PmDQcz6fSl%2Fpl5XMg%3D%3D&amp;trackingId=NL3BJ2GrYJX0PrcnqY%2BzMA%3D%3D,Web Developer
Web Application Engineer,Google,"Pune Division, Maharashtra, India","Web Application Engineer role at Google located in Pune Division, Maharashtra, India. This role requires relevant technical skills and industry knowledge.",https://in.linkedin.com/jobs/view/web-application-engineer-at-google-4372562123?position=3&amp;pageNum=0&amp;refId=KLlX4PmDQcz6fSl%2Fpl5XMg%3D%3D&amp;trackingId=IrHA4Uwat4V%2BvrW4YEes3A%3D%3D,Web Developer
Frontend Engineer (React+ Javascript),Apple,"Hyderabad, Telangana, India","Frontend Engineer (React+ Javascript) role at Apple located in Hyderabad, Telangana, India. This role requires relevant technical skills and industry knowledge.",https://in.linkedin.com/jobs/view/frontend-engineer-react%2B-javascript-at-apple-4366038072?position=4&amp;pageNum=0&amp;refId=KLlX4PmDQcz6fSl%2Fpl5XMg%3D%3D&amp;trackingId=Dqx3XqBWVBjvkjHEbS1h1A%3D%3D,Web Developer
SDE II / III - Frontend Developer,ZEE - Technology &amp; Innovation,"Bengaluru, Karnataka, India","SDE II / III - Frontend Developer role at ZEE - Technology &amp; Innovation located in Bengaluru, Karnataka, India. This role requires relevant technical skills and industry knowledge.",https://in.linkedin.com/jobs/view/sde-ii-iii-frontend-developer-at-zee-technology-innovation-4308021555?position=5&amp;pageNum=0&amp;refId=KLlX4PmDQcz6fSl%2Fpl5XMg%3D%3D&amp;trackingId=FzZuiVNmxSgdPKPIsmDJVQ%3D%3D,Web Developer
Junior Developers Backend and Frontend,Larsen &amp; Toubro,"Chennai, Tamil Nadu, India","Junior Developers Backend and Frontend role at Larsen &amp; Toubro located in Chennai, Tamil Nadu, India. This role requires relevant technical skills and industry knowledge.",https://in.linkedin.com/jobs/view/junior-developers-backend-and-frontend-at-larsen-toubro-4361333706?position=1&amp;pageNum=0&amp;refId=T3aUwp4E6JpfA7g%2Fd4Ir9A%3D%3D&amp;trackingId=w2M%2Fe6koAiDugRo7c36HSg%3D%3D,Frontend Developer
React Js Developer,Infosys,"Bengaluru East, Karnataka, India","React Js Developer role at Infosys located in Bengaluru East, Karnataka, India. This role requires relevant technical skills and industry knowledge.",https://in.linkedin.com/jobs/view/react-js-developer-at-infosys-4379189781?position=2&amp;pageNum=0&amp;refId=T3aUwp4E6JpfA7g%2Fd4Ir9A%3D%3D&amp;trackingId=uOrjX%2Fjx4bJDq4RpBig5HA%3D%3D,Frontend Developer
React Developer,Persistent Systems,"Bengaluru, Karnataka, India","React Developer role at Persistent Systems located in Bengaluru, Karnataka, India. This role requires relevant technical skills and industry knowledge.",https://in.linkedin.com/jobs/view/react-developer-at-persistent-systems-4309459084?position=3&amp;pageNum=0&amp;refId=T3aUwp4E6JpfA7g%2Fd4Ir9A%3D%3D&amp;trackingId=kV8sqYaLJkworcesap6k2w%3D%3D,Frontend Developer
React Developer,Persistent Systems,"Hyderabad, Telangana, India","React Developer role at Persistent Systems located in Hyderabad, Telangana, India. This role requires relevant technical skills and industry knowledge.",https://in.linkedin.com/jobs/view/react-developer-at-persistent-systems-4205905672?position=4&amp;pageNum=0&amp;refId=T3aUwp4E6JpfA7g%2Fd4Ir9A%3D%3D&amp;trackingId=x%2BrngBTifL5emYb%2F6S57gw%3D%3D,Frontend Developer
Software Engineer - Frontend,PayPal,"Bengaluru East, Karnataka, India","Software Engineer - Frontend role at PayPal located in Bengaluru East, Karnataka, India. This role requires relevant technical skills and industry knowledge.",https://in.linkedin.com/jobs/view/software-engineer-frontend-at-paypal-4364444879?position=5&amp;pageNum=0&amp;refId=T3aUwp4E6JpfA7g%2Fd4Ir9A%3D%3D&amp;trackingId=f%2BqeIB2ZUDp46HMro9c31Q%3D%3D,Frontend Developer
Junior Developers Backend and Frontend,Larsen &amp; Toubro,"Chennai, Tamil Nadu, India","Junior Developers Backend and Frontend role at Larsen &amp; Toubro located in Chennai, Tamil Nadu, India. This role requires relevant technical skills and industry knowledge.",https://in.linkedin.com/jobs/view/junior-developers-backend-and-frontend-at-larsen-toubro-4361333706?position=1&amp;pageNum=0&amp;refId=UnUsT6No5q3C2RWtY4YFIQ%3D%3D&amp;trackingId=7hRGD6gNRzWG5mHTeTpo4w%3D%3D,Frontend Developer
React Js Developer,Infosys,"Bengaluru East, Karnataka, India","React Js Developer role at Infosys located in Bengaluru East, Karnataka, India. This role requires relevant technical skills and industry knowledge.",https://in.linkedin.com/jobs/view/react-js-developer-at-infosys-4379189781?position=2&amp;pageNum=0&amp;refId=UnUsT6No5q3C2RWtY4YFIQ%3D%3D&amp;trackingId=m%2FQ%2FkZSBDdAVvvAe%2FeXv0Q%3D%3D,Frontend Developer
React Developer,Persistent Systems,"Bengaluru, Karnataka, India","React Developer role at Persistent Systems located in Bengaluru, Karnataka, India. This role requires relevant technical skills and industry knowledge.",https://in.linkedin.com/jobs/view/react-developer-at-persistent-systems-4309459084?position=3&amp;pageNum=0&amp;refId=UnUsT6No5q3C2RWtY4YFIQ%3D%3D&amp;trackingId=PX09vQE%2FViFu%2FtZvsv3Hdw%3D%3D,Frontend Developer
Software Engineer - Frontend,PayPal,"Bengaluru East, Karnataka, India","Software Engineer - Frontend role at PayPal located in Bengaluru East, Karnataka, India. This role requires relevant technical skills and industry knowledge.",https://in.linkedin.com/jobs/view/software-engineer-frontend-at-paypal-4364444879?position=4&amp;pageNum=0&amp;refId=UnUsT6No5q3C2RWtY4YFIQ%3D%3D&amp;trackingId=KZ733ZPyc4rfwK3TH3bvGA%3D%3D,Frontend Developer
React Developer,Persistent Systems,"Hyderabad, Telangana, India","React Developer role at Persistent Systems located in Hyderabad, Telangana, India. This role requires relevant technical skills and industry knowledge.",https://in.linkedin.com/jobs/view/react-developer-at-persistent-systems-4205905672?position=5&amp;pageNum=0&amp;refId=UnUsT6No5q3C2RWtY4YFIQ%3D%3D&amp;trackingId=e0I71%2BdeaSp4sU6qrAZvXQ%3D%3D,Frontend Developer
"Software Engineer - Java, Spring Boot and Microservices",Apple,"Bengaluru, Karnataka, India","Software Engineer - Java, Spring Boot and Microservices role at Apple located in Bengaluru, Karnataka, India. This role requires relevant technical skills and industry knowledge.",https://in.linkedin.com/jobs/view/software-engineer-java-spring-boot-and-microservices-at-apple-4366023870?position=1&amp;pageNum=0&amp;refId=L%2BnOkh1aO853vfUoe5UiEw%3D%3D&amp;trackingId=tGY6LcyFzmHYkcoI9B%2FNQA%3D%3D,Java Developer
"Software Engineer - Java, Spring Boot and Microservices",Apple,"Hyderabad, Telangana, India","Software Engineer - Java, Spring Boot and Microservices role at Apple located in Hyderabad, Telangana, India. This role requires relevant technical skills and industry knowledge.",https://in.linkedin.com/jobs/view/software-engineer-java-spring-boot-and-microservices-at-apple-4366033902?position=2&amp;pageNum=0&amp;refId=L%2BnOkh1aO853vfUoe5UiEw%3D%3D&amp;trackingId=d2LXRctR5iRYLJPrF7icPg%3D%3D,Java Developer
Java,Infosys,"Bengaluru East, Karnataka, India","Java role at Infosys located in Bengaluru East, Karnataka, India. This role requires relevant technical skills and industry knowledge.",https://in.linkedin.com/jobs/view/java-at-infosys-4368586472?position=3&amp;pageNum=0&amp;refId=L%2BnOkh1aO853vfUoe5UiEw%3D%3D&amp;trackingId=ZQF5cE8h5YiO6AXIhl8etQ%3D%3D,Java Developer
Software Engineer - Java,PayPal,"Bengaluru East, Karnataka, India","Software Engineer - Java role at PayPal located in Bengaluru East, Karnataka, India. This role requires relevant technical skills and industry knowledge.",https://in.linkedin.com/jobs/view/software-engineer-java-at-paypal-4375917895?position=4&amp;pageNum=0&amp;refId=L%2BnOkh1aO853vfUoe5UiEw%3D%3D&amp;trackingId=aMCGtHoFSHuVdOD7u6pX3g%3D%3D,Java Developer
Software Engineer - Java,PayPal,"Chennai, Tamil Nadu, India","Software Engineer - Java role at PayPal located in Chennai, Tamil Nadu, India. This role requires relevant technical skills and industry knowledge.",https://in.linkedin.com/jobs/view/software-engineer-java-at-paypal-4286780264?position=5&amp;pageNum=0&amp;refId=L%2BnOkh1aO853vfUoe5UiEw%3D%3D&amp;trackingId=mdYHRviCSSULTmMG8Me%2BTw%3D%3D,Java Developer
Python Developer,Infosys,"Bengaluru East, Karnataka, India","Python Developer role at Infosys located in Bengaluru East, Karnataka, India. This role requires relevant technical skills and industry knowledge.",https://in.linkedin.com/jobs/view/python-developer-at-infosys-4363389682?position=1&amp;pageNum=0&amp;refId=3lcVZQvFJA8F%2BSqXyDeYkg%3D%3D&amp;trackingId=Ia25fd2LSCwrBRK0WRQ6tw%3D%3D,Python Developer
Python developer,Infosys,"Bengaluru East, Karnataka, India","Python developer role at Infosys located in Bengaluru East, Karnataka, India. This role requires relevant technical skills and industry knowledge.",https://in.linkedin.com/jobs/view/python-developer-at-infosys-4366041238?position=2&amp;pageNum=0&amp;refId=3lcVZQvFJA8F%2BSqXyDeYkg%3D%3D&amp;trackingId=xUDIKFvOhO2wG7nAJXyeUA%3D%3D,Python Developer
Python developer,Infosys,"Hyderabad, Telangana, India","Python developer role at Infosys located in Hyderabad, Telangana, India. This role requires relevant technical skills and industry knowledge.",https://in.linkedin.com/jobs/view/python-developer-at-infosys-4367293056?position=3&amp;pageNum=0&amp;refId=3lcVZQvFJA8F%2BSqXyDeYkg%3D%3D&amp;trackingId=FS%2FZMd9AUbt2Lp%2Bd9pZb7g%3D%3D,Python Developer
Python Developer,Persistent Systems,"Bengaluru, Karnataka, India","Python Developer role at Persistent Systems located in Bengaluru, Karnataka, India. This role requires relevant technical skills and industry knowledge.",https://in.linkedin.com/jobs/view/python-developer-at-persistent-systems-4294598179?position=4&amp;pageNum=0&amp;refId=3lcVZQvFJA8F%2BSqXyDeYkg%3D%3D&amp;trackingId=4mtn9MPnosqPs0hTOOv9Kw%3D%3D,Python Developer
Python Developer,Infosys,"Bengaluru, Karnataka, India","Python Developer role at Infosys located in Bengaluru, Karnataka, India. This role requires relevant technical skills and industry knowledge.",https://in.linkedin.com/jobs/view/python-developer-at-infosys-4323369504?position=5&amp;pageNum=0&amp;refId=3lcVZQvFJA8F%2BSqXyDeYkg%3D%3D&amp;trackingId=h7EUzWJrUlH%2FQNoQM8l9Gw%3D%3D,Python Developer
